20,the animals,gli animali,,vocab
20,the bear ,l'orso,,vocab
20,the beaver,il castoro,,vocab
20,the cat ,il gatto,,vocab
20,the chimpanzee,lo scimpanzé,,vocab
20,the deer ,il cervo,,vocab
20,the dog ,il cane,,vocab
20,the elephant ,l'elefante,,vocab
20,the fish,il pesce,,vocab
20,the fox,la volpe,,vocab
20,the goat,la capra,,vocab
20,the gorilla ,il gorilla,,vocab
20,the hippopotamus ,l'ippopotamo,,vocab
20,the horse ,il cavallo,,vocab
20,the hyena,la iena,,vocab
20,the kangaroo ,il canguro,,vocab
20,the kitten,il gattino,,vocab
20,the leopard ,il leopardo,,vocab
20,the llama ,il lama,,vocab
20,the monkey ,la scimmia,,vocab
20,the mouse,il topo,,vocab
20,the panda ,il panda,,vocab
20,the penguin,il pinguino,,vocab
20,the pet,l'animale domestico,,vocab
20,the puppy,il cucciolo,,vocab
20,the rabbit,il coniglio,,vocab
20,the rat,il ratto,,vocab
20,the rhino ,il rinoceronte,,vocab
20,the sheep ,la pecora,,vocab
20,the squirrel,lo scoiattolo,,vocab
20,the tiger ,la tigre,,vocab
20,the whale ,la balena,,vocab
20,the wolf ,il lupo,,vocab
20,the zebra ,la zebra,,vocab
20,the blender,il frullatore,,vocab
20,the dishwasher,la lavastoviglie,,vocab
20,the dryer,l'asciugatrice,,vocab
20,the freezer,il congelatore,,vocab
20,the fridge,il frigorífero,,vocab
20,the iron,il ferro,,vocab
20,the microwave,il microonde,,vocab
20,the oven,il forno,,vocab
20,the toaster,il tostapane,,vocab
20,the washer,la lavatrice,,vocab
20,the water heater,lo scaldaacqua,,vocab
20,the balloons,i palloncini,,vocab
20,the cake,la torta,,vocab
20,the frosting,la glassa,,vocab
20,the ice,il ghiaccio,,vocab
20,the ice cream,il gelato,,vocab
20,the presents,i regali,,vocab
20,the soda,la bibita gassata,,vocab
20,the sand,la sabbia,,vocab
20,the sand castle,il castello di sabbia,,vocab
20,the seaweed,l'alga,,vocab
20,the shore,la riva,,vocab
20,the sunglasses,gli occhiali da sole,,vocab
20,the sunscreen,la crema solare,,vocab
20,the swimsuit ,il costume (da bagno),,vocab
20,the tide,la marea,,vocab
20,the towel,il telo (da mare),,vocab
20,the wave,l'onda,,vocab
20,the bag ,la borsa,,vocab
20,the restroom,il bagno,,vocab
20,the bench ,la panchina,,vocab
20,the clearance sale,la svendita,,vocab
20,the drinking fountain,la fontanella,,vocab
20,the restaurant,il ristorante,,vocab
20,the sale ,la vendita,,vocab
20,the store,il negozio,,vocab
20,the bag,la borsa,,vocab
20,the cans,le lattine,,vocab
20,the cashier,la cassiera,,vocab
20,the cash register,la cassa,,vocab
20,the dairy department,il reparto latticini,,vocab
20,the frozen foods department,il reparto surgelati,,vocab
20,the grocery store,il supermercato,,vocab
20,the receipt,lo scontrino,,vocab
20,the account,il conto,,vocab
20,the account number,il numero del conto,,vocab
20,the bank,la banca,,vocab
20,the check ,l'assegno,,vocab
20,the checking account,il conto corrente,,vocab
20,the deposit,il deposito,,vocab
20,the finances,le finanze,,vocab
20,the interest,l'interesse,,vocab
20,the money ,i soldi,,vocab
20,the savings account,il conto risparmio,,vocab
20,the teller ,la cassiera,,vocab
20,the vault ,il caveau,,vocab
20,the withdrawal ,il ritiro,,vocab
20,the bathroom,il bagno,,vocab
20,the bathtub,la vasca da bagno,,vocab
20,the mirror,lo specchio,,vocab
20,the pipe,il tubo,,vocab
20,the shampoo,lo shampoo,,vocab
20,the shower,la doccia,,vocab
20,the sink,il lavandino,,vocab
20,the soap,il sapone,,vocab
20,the toilet,il gabinetto,,vocab
20,the alarm clock,la sveglia,,vocab
20,the bed,il letto,,vocab
20,the bedroom,la camera da letto,,vocab
20,the blanket,la coperta,,vocab
20,the ceiling,il soffitto,,vocab
20,the closet,l'armadio,,vocab
20,the dresser,il cassettone,,vocab
20,the hanger,la gruccia,,vocab
20,the lamp,la lampada,,vocab
20,the nightstand,il comodino,,vocab
20,the pillow,il cuscino,,vocab
20,the sheets,le lenzuola,,vocab
20,the wall,il muro,,vocab
20,the ankle,la caviglia,,vocab
20,the arm,il braccio (le braccia),,vocab
20,the back,la schiena,,vocab
20,the belly,la pancia,,vocab
20,the brain,il cervello,,vocab
20,the calf,il polpaccio,,vocab
20,the chest,il petto,,vocab
20,the chin,il mento,,vocab
20,the ear,l'orecchio (le orecchie),,vocab
20,the elbow,il gomito,,vocab
20,the eye,l'occhio,,vocab
20,the eyebrow,il sopracciglio (le sopracciglia),,vocab
20,the eyelash,il ciglio (le ciglia),,vocab
20,the eyelid,la palpebra,,vocab
20,the finger,il dito (le dita),,vocab
20,the fingernail,l'unghia,,vocab
20,the foot,il piede,,vocab
20,the forehead,la fronte,,vocab
20,the mind,la mente,,vocab
20,the stomach,lo stomaco,,vocab
20,the gum,la gengiva,,vocab
20,the hair,i capelli,,vocab
20,the hand,la mano (le mani),,vocab
20,the head,la testa,,vocab
20,the heel,il tallone,,vocab
20,the knee,il ginocchio (le ginocchia),,vocab
20,the leg,la gamba,,vocab
20,the lips,le labbra (il labbro),,vocab
20,the mouth,la bocca,,vocab
20,the neck,il collo,,vocab
20,the nose,il naso,,vocab
20,the rib,la costola,,vocab
20,the teeth,i denti,,vocab
20,the thigh,la coscia,,vocab
20,the throat,la gola,,vocab
20,the toe,il dito (del piede),,vocab
20,the toenail,l'unghia (del dito del piede),,vocab
20,the tongue,la lingua,,vocab
20,the wrist,il polso,,vocab
20,the automatic transmission,il cambio automatico,,vocab
20,the axle,l'asse,,vocab
20,the brakes,i freni,,vocab
20,the bumper,il paraurti,,vocab
20,the driver,il guidatore,,vocab
20,the engine,il motore,,vocab
20,first gear,la prima (marcia),,vocab
20,the gas,la benzina,,vocab
20,the gas pedal,l'accelleratore,,vocab
20,the gas tank,il serbatoio,,vocab
20,the gear shift,il cambio,,vocab
20,the headlights,le luci (anteriori),,vocab
20,the hood,il cofano,,vocab
20,the horn,il clacson,,vocab
20,the jack,il cric,,vocab
20,the manual transmission,il cambio manuale,,vocab
20,the rearview mirror ,lo specchietto retrovisore,,vocab
20,the seat belt,la cintura (di sicurezza),,vocab
20,the spare tire,la ruota di scorta,,vocab
20,the steering wheel,il volante,,vocab
20,the sun roof,il tettino apribile,,vocab
20,the taillights,le luci posteriori,,vocab
20,the tire,la gomma,,vocab
20,the trunk,il bagagliaio,,vocab
20,the turn signal,la freccia,,vocab
20,the visor,la visiera,,vocab
20,the wheel,la ruota,,vocab
20,the window,il finestrino,,vocab
20,the windshield,il parabrezza,,vocab
20,the wipers,i tergicristalli,,vocab
20,the bleach,la varichina,,vocab
20,the broom,la scopa,,vocab
20,the detergent,il sapone,,vocab
20,the mop,lo straccio per lavare,,vocab
20,the paper towels,lo scottex,,vocab
20,the rag,il cencio,,vocab
20,the sponge,la spugna,,vocab
20,the towel,il telo,,vocab
20,the vacuum,l'aspirapolvere,,vocab
20,the ball cap,il cappellino,,vocab
20,the belt,la cintura,,vocab
20,the clothes,i vestiti,,vocab
20,the coat,il cappotto,,vocab
20,the cotton,il cotone,,vocab
20,the dress ,il vestito,,vocab
20,the gloves ,i guanti,,vocab
20,the hat ,il cappello,,vocab
20,the jacket ,la giacca,,vocab
20,the pajamas ,il pigiama,,vocab
20,the pants ,i pantaloni,,vocab
20,the purse ,la borsa (da donna),,vocab
20,the sandals ,i sandali,,vocab
20,the shirts ,le camicie,,vocab
20,the shoelace,il laccio (delle scarpe),,vocab
20,the shoes ,le scarpe,,vocab
20,the skirt,la gonna,,vocab
20,the socks ,i calzini,,vocab
20,the suit ,il completo,,vocab
20,the sweater,il maglione,,vocab
20,the swimming suit ,il costume (da bagno),,vocab
20,the tie,la cravatta,,vocab
20,the velcro,il velcro,,vocab
20,the zipper,la cerniera,,vocab
20,black,nero,,vocab
20,blonde,biondo,,vocab
20,blue,blu,,vocab
20,brown,marrone,,vocab
20,brunette,castano,,vocab
20,gold,oro,,vocab
20,gray,grigio,,vocab
20,green,verde,,vocab
20,light blue,blu chiaro,,vocab
20,maroon,rosso bordeaux,,vocab
20,orange,arancione,,vocab
20,pink,rosa,,vocab
20,purple,viola,,vocab
20,red,rosso,,vocab
20,silver,argento,,vocab
20,violet,violetto,,vocab
20,white,bianco,,vocab
20,yellow,giallo,,vocab
20,Africa,l'Africa,,vocab
20,Argentina,l'Argentina,,vocab
20,Australia,l'Australia,,vocab
20,Brazil,il Brasile,,vocab
20,Belgium,il Belgio,,vocab
20,Canada,il Canada,,vocab
20,Chile,il Cile,,vocab
20,China,la Cina,,vocab
20,England,l'Inghilterra,,vocab
20,France,la Francia,,vocab
20,Germany,la Germania,,vocab
20,India,l'India,,vocab
20,Ireland,l'Irlanda,,vocab
20,Iran,l'Iran,,vocab
20,Iraq,l'Iraq,,vocab
20,Israel,Israele,,vocab
20,Japan,il Giappone,,vocab
20,Lebanon,il Libano,,vocab
20,Mexico,il Messico,,vocab
20,New Zealand,la Nuova Zelanda,,vocab
20,Panama,Panama,,vocab
20,Philippines,le Filippine,,vocab
20,Portugal,il Portogallo,,vocab
20,Russia,la Russia,,vocab
20,Spain,la Spagna,,vocab
20,Sweden,la Svezia,,vocab
20,Switzerland,la Svizzera,,vocab
20,United States,gli Stati Uniti,,vocab
20,Uruguay,l'Uruguay,,vocab
20,Vietnam,il Vietnam,,vocab
20,South America,l'America del Sud,,vocab
20,North America,l'America del Nord,,vocab
20,Europe,l'Europa,,vocab
20,Asia,l'Asia,,vocab
20,Antarctica,l'Antartica,,vocab
20,the aunt,la zia,,vocab
20,the boyfriend,il ragazzo,,vocab
20,the brother,il fratello,,vocab
20,the brother-in-law,il cognato,,vocab
20,the cousins,i cugini / le cugine,,vocab
20,the dad,il papà,,vocab
20,the daughter,la figlia,,vocab
20,the daughter-in-law,la nuora,,vocab
20,the family,la famiglia,,vocab
20,the father,il padre,,vocab
20,the father-in-law,il suocero,,vocab
20,the fiancé,il fidanzato / la fidanzata,,vocab
20,the friend,l'amico / l'amica,,vocab
20,the girlfriend,la ragazza,,vocab
20,the grandma,la nonna,,vocab
20,the grandpa,il nonno,,vocab
20,the grandparents,i nonni,,vocab
20,the husband,il marito,,vocab
20,the mom,la mamma,,vocab
20,the mother,la madre,,vocab
20,the mother-in-law,la suocera,,vocab
20,the nephew,il nipote,,vocab
20,the niece,la nipote,,vocab
20,the relationships,le relazioni,,vocab
20,the sister,la sorella,,vocab
20,the sister-in-law,la cognata,,vocab
20,the son,il figlio,,vocab
20,the son-in-law,il genero,,vocab
20,the uncle,lo zio,,vocab
20,the wife,la moglie,,vocab
20,the appetizer,l'antipasto,,vocab
20,the avocado,l'avocado,,vocab
20,the beef,la carne (di manzo),,vocab
20,the breakfast,la colazione,,vocab
20,the cauliflower,il cavolfiore,,vocab
20,the celery,il sedano,,vocab
20,the cheese,il formaggio,,vocab
20,the chicken,il pollo,,vocab
20,the dessert,il dolce,,vocab
20,the dinner,la cena,,vocab
20,the egg,l'uovo,,vocab
20,the fish (cooked),il pesce (cotto),,vocab
20,The food,il cibo,,vocab
20,the french fries,le patatine fritte,,vocab
20,the hamburger,l'hamburger,,vocab
20,the hotdog,l'hotdog,,vocab
20,the lettuce,la lattuga,,vocab
20,the lunch,il pranzo,,vocab
20,the main dish,la portata principale,,vocab
20,the milk,il latte,,vocab
20,the pork,il maiale,,vocab
20,the potatoes,le patate,,vocab
20,the salad,l'insalata,,vocab
20,the sandwich,il panino,,vocab
20,the soup,la minestra,,vocab
20,the sugar,lo zucchero,,vocab
20,the turkey,il tacchino,,vocab
20,the water,l'acqua,,vocab
20,the apricot,l'albicocca,,vocab
20,the banana,la banana,,vocab
20,the beans,i fagioli,,vocab
20,the beet,la barbabietola,,vocab
20,the butter,il burro,,vocab
20,the candy,la caramella,,vocab
20,the flour,la farina,,vocab
20,the grape,l'uva,,vocab
20,the honey,il miele,,vocab
20,the jam,la marmellata,,vocab
20,the jelly,la gelatina (di frutta),,vocab
20,the juice,il succo,,vocab
20,the ketchup,il ketchup,,vocab
20,the lemon,il limone,,vocab
20,the lime,la limetta,,vocab
20,the mayonnaise,la maionese,,vocab
20,the mustard,la mostarda,,vocab
20,the nut,la noce,,vocab
20,the peach,la pesca,,vocab
20,the peanut,la nocciolina,,vocab
20,the peanut butter,il burro di noccioline,,vocab
20,the pear,la pera,,vocab
20,the pineapple,l'ananas,,vocab
20,the popcorn,i popcorn,,vocab
20,the radish,il ravanello,,vocab
20,the raisin,l'uvetta,,vocab
20,the tomato,il pomodoro,,vocab
20,the armchair,la poltrona,,vocab
20,the bed,il letto,,vocab
20,the chair,la sedia,,vocab
20,the desk,la scrivania,,vocab
20,the furniture,i mobili,,vocab
20,the garbage can,il bidone della spazzatura,,vocab
20,the piano,il pianoforte,,vocab
20,the sofa,il divano,,vocab
20,the table,il tavolo,,vocab
20,the ballot,il ballottaggio,,vocab
20,the congress,il congreso,,vocab
20,the congressman,il membro del congresso,,vocab
20,the democrat,il democratico,,vocab
20,the election,l'elezione,,vocab
20,the governor,il governatore,,vocab
20,the house of representatives,la Camera dei Rappresentanti,,vocab
20,the king,il re,,vocab
20,the mayor,il sindaco,,vocab
20,the parliament,il parlamento,,vocab
20,the party (political party),il partito (politico),,vocab
20,the president,il presidente,,vocab
20,the prime minister,il primo ministero,,vocab
20,the republican,il repubblicano,,vocab
20,the senate,il senato,,vocab
20,the senator,il senatore,,vocab
20,the vote,il voto,,vocab
20,A,ah,,vocab
20,B,beh,,vocab
20,C,cheh,,vocab
20,D,deh,,vocab
20,E,eh,,vocab
20,F,effe,,vocab
20,G,gi,,vocab
20,H,acca,,vocab
20,I,i,,vocab
20,J,i lunga,,vocab
20,K,cappa,,vocab
20,L,elle,,vocab
20,M,emme,,vocab
20,N,enne,,vocab
20,O,o,,vocab
20,P,pe,,vocab
20,Q,cu,,vocab
20,R,erre,,vocab
20,S,esse,,vocab
20,T,the,,vocab
20,U,oo,,vocab
20,V,voo,,vocab
20,W,doppia vu,,vocab
20,X,echis,,vocab
20,Y,ipsilon,,vocab
20,Z,zeta,,vocab
20,the bowl,la scodella,,vocab
20,the cabinet,l'armadietto,,vocab
20,the drain,il tubo di scarico,,vocab
20,the freezer,il congelatore,,vocab
20,the fridge,il frigorifero,,vocab
20,the frying pan,la padella per friggere,,vocab
20,the kitchen,la cucina,,vocab
20,the lid,il coperchio,,vocab
20,the oven,il forno,,vocab
20,the sauce pan,la pentola,,vocab
20,the stove,il fornello,,vocab
20,the carpet,il tappeto,,vocab
20,the fire place,il caminetto,,vocab
20,the living room,il soggiorno,,vocab
20,the painting,il quadro,,vocab
20,the recliner,la poltrona reclinabile,,vocab
20,the shelf,lo scaffale,,vocab
20,the sofa,il divano,,vocab
20,the staircase,le scale,,vocab
20,the tv,il tee vu,,vocab
20,the vase,il vaso,,vocab
20,the attack,l'attacco,,vocab
20,the fighter jet,il jet da combattimento,,vocab
20,the cease fire,il cessate il fuoco,,vocab
20,the commander,il comandante,,vocab
20,the army,l'esercito,,vocab
20,the general,il generale,,vocab
20,the helicopter,l'elicottero,,vocab
20,the casualty,la vittima,,vocab
20,the missile,il missile,,vocab
20,the soldier,il soldato,,vocab
20,the tank,il carro armato,,vocab
20,the battle,la battaglia,,vocab
20,the bomb,la bomba,,vocab
20,the explosion,l'esplosione,,vocab
20,the airforce,la forza aerea,,vocab
20,the grenade,la granata,,vocab
20,the war,la guerra,,vocab
20,the invasion,l'invasione,,vocab
20,the navy,la marina,,vocab
20,the peace,la pace,,vocab
20,the weapons,le armi,,vocab
20,the weapons of mass destruction,le armi di distruzione di massa,,vocab
20,January,gennaio,,vocab
20,February,febbraio,,vocab
20,March,marzo,,vocab
20,April,aprile,,vocab
20,May,maggio,,vocab
20,June,giugno,,vocab
20,July,luglio,,vocab
20,August,agosto,,vocab
20,September,settembre,,vocab
20,October,ottobre,,vocab
20,November,novembre,,vocab
20,December,dicembre,,vocab
20,Monday,(il) lunedì,,vocab
20,Tuesday,(il) martedì,,vocab
20,Wednesday,(il) mercoledì,,vocab
20,Thursday,(il) giovedì,,vocab
20,Friday,(il) venerdì,,vocab
20,Saturday,(il) sabato,,vocab
20,Sunday,(la) domenica,,vocab
20,the conductor,il direttore d'orchestra,,vocab
20,the drums ,la batteria,,vocab
20,the genres,il genere,,vocab
20,the guitar ,la chitarra,,vocab
20,the lyrics,i testi,,vocab
20,the organ,l'organo,,vocab
20,the piano ,il pianoforte,,vocab
20,the trumpet ,la tromba,,vocab
20,the cliff,la rupe,,vocab
20,the flower,il fiore,,vocab
20,the garden ,il giardino,,vocab
20,the garden (vegetable) ,l'orto,,vocab
20,the grass (lawn),l'erba (il prato),,vocab
20,the herb,le erbe,,vocab
20,the lake,il lago,,vocab
20,the mountain range,la catena montuosa,,vocab
20,the mountains,le montagne,,vocab
20,the ocean,l'oceano,,vocab
20,the plant,la pianta,,vocab
20,the river,il fiume,,vocab
20,the sea,il mare,,vocab
20,the shore,la riva,,vocab
20,the soil,il suolo,,vocab
20,the tree,l'albero,,vocab
20,the waterfalls,le cascate,,vocab
20,the weed,l'erbaccia,,vocab
100,0,zero,,vocab
100,1,uno,,vocab
100,2,due,,vocab
100,3,tre,,vocab
100,4,quattro,,vocab
100,5,cinque,,vocab
100,6,sei,,vocab
100,7,sette,,vocab
100,8,otto,,vocab
100,9,nove,,vocab
100,10,dieci,,vocab
100,11,undici,,vocab
100,12,dodici,,vocab
100,13,tredici,,vocab
100,14,quattordici,,vocab
100,15,quindici,,vocab
100,16,sedici,,vocab
100,17,diciassette,,vocab
100,18,diciotto,,vocab
100,19,diciannove,,vocab
100,20,venti,,vocab
100,50,cinquanta,,vocab
100,100,cento,,vocab
100,1000,mille (mila),,vocab
100,10000,diecimila,,vocab
100,100000,centomila,,vocab
100,1000000,un milione,,vocab
20,the brick,il mattone,,vocab
20,the bush,il cespuglio,,vocab
20,the chimney,il camino,,vocab
20,the door,la porta,,vocab
20,the driveway,il vialetto (del garage),,vocab
20,the garage,il garage,,vocab
20,the lawn,il prato,,vocab
20,outside,fuori,,vocab
20,the patio,la terrazza,,vocab
20,the porch,il portico,,vocab
20,the roof,il tetto,,vocab
20,the sidewalk,il marciapiede,,vocab
20,the wall,il muro,,vocab
20,the window,el finestrino,,vocab
20,the accountant,il ragioniere,,vocab
20,the actor,l'attore,,vocab
20,the artist,l'artista,,vocab
20,the athlete,l'atleta,,vocab
20,the barber,il barbiere,,vocab
20,the boss,il direttore,,vocab
20,the business person,l'uomo d'affari,,vocab
20,the butcher,il macellaio,,vocab
20,the carpenter,il falegname,,vocab
20,the cashier,il cassiere / la cassiera,,vocab
20,the chef,il cuoco / lo chef,,vocab
20,the coach,l'allenatore,,vocab
20,the computer technician,il tecnico del computer,,vocab
20,the construction worker,il lavoratore edile,,vocab
20,the dentist,il/la dentista,,vocab
20,the doctor,il dottore / la dottoressa,,vocab
20,the engineer,l'ingegnere,,vocab
20,the farmer,l'agricoltore,,vocab
20,the firefighter,il pompiere,,vocab
20,the hair dresser,il parrucchiere / la parrucchiera,,vocab
20,the judge,il giudice,,vocab
20,the lawyer/attorney,l'avvocato,,vocab
20,the librarian,il bibliotecario / la bibliotecaria,,vocab
20,the mail carrier,il postino,,vocab
20,the mason (brick layer) ,il muratore,,vocab
20,the mechanic,il meccanico,,vocab
20,the nurse,l'infermiere / l'infermiera,,vocab
20,the police officer,il poliziotto,,vocab
20,the president,il presidente,,vocab
20,the professor,il professore / la professoressa,,vocab
20,the programmer,il programmatore,,vocab
20,the reporter,il/la cronista,,vocab
20,the secretary,il segretario / la segretaria,,vocab
20,the veterinarian,il veterinario,,vocab
20,the waiter,il cameriere / la cameriera,,vocab
20,the writer,lo scrittore / la scrittrice,,vocab
20,the bowl ,la scodella,,vocab
20,the chair,la sedia,,vocab
20,the check ,il conto,,vocab
20,the cup ,la tazza,,vocab
20,the fork ,la forchetta,,vocab
20,the knife ,il coltello,,vocab
20,manners,le maniere,,vocab
20,the menu,il menu,,vocab
20,the napkin,il tovagliolo,,vocab
20,the pepper,il pepe,,vocab
20,the pitcher ,la caraffa,,vocab
20,the plate ,il piatto,,vocab
20,the salt ,il sale,,vocab
20,the spoon ,il cucchiaio,,vocab
20,the waitress ,la cameriera,,vocab
20,the waiter,il cameriere,,vocab
20,art,arte,,vocab
20,the black hole,il buco nero,,vocab
20,the earth,la terra,,vocab
20,english,inglese,,vocab
20,the experiment ,l'esperimento,,vocab
20,the galaxy,la galassia,,vocab
20,history,la storia,,vocab
20,jupiter,Giove,,vocab
20,language,la lingua / il linguaggio,,vocab
20,mars,Marte,,vocab
20,math ,matematica,,vocab
20,mercury,Mercurio,,vocab
20,the moon ,la luna,,vocab
20,the music,la musica,,vocab
20,neptune,nettuno,,vocab
20,psychology,la psicologia,,vocab
20,physical education,educazione fisica,,vocab
20,pluto,Plutone,,vocab
20,saturn,Saturno,,vocab
20,science ,scienze,,vocab
20,the solar system ,il sistema solare,,vocab
20,the stars ,le stelle,,vocab
20,the sun ,il sole,,vocab
20,uranus,Urano,,vocab
20,venus,Venere,,vocab
20,the backpack ,lo zaino,,vocab
20,the briefcase ,la ventiquattrore,,vocab
20,the calculator ,la calcolatrice,,vocab
20,the chair ,la sedia,,vocab
20,the colored pencil ,la matita colorata,,vocab
20,the computer ,il computer,,vocab
20,the crayons ,i pastelli,,vocab
20,the desk ,la scrivania,,vocab
20,the folder ,la cartellina,,vocab
20,the glue ,la colla,,vocab
20,the markers ,i pennarelli,,vocab
20,the mechanical pencil,la matita a mina,,vocab
20,the notebook,il quaderno (per appunti),,vocab
20,the paper ,la carta,,vocab
20,the pen ,la penna,,vocab
20,the pencil ,il lapis,,vocab
20,the staple,la graffetta,,vocab
20,the stapler ,la spillatrice,,vocab
20,badminton ,(il) badminton,,vocab
20,baseball ,(il) baseball,,vocab
20,basketball ,(la) pallacanestro,,vocab
20,cricket ,(il) cricket,,vocab
20,cycling ,(il) ciclismo,,vocab
20,football ,(il) football americano,,vocab
20,the game (sporting event) ,la partita (l'evento sportivo),,vocab
20,golf ,(il) golf,,vocab
20,team handball ,(la) pallamano,,vocab
20,hockey ,(l') hockey,,vocab
20,horseback riding ,(l') equitazione,,vocab
20,ping pong ,(il) ping pong,,vocab
20,rugby ,(il) rugby,,vocab
20,soccer ,(il) calcio,,vocab
20,swimming ,(il) nuoto,,vocab
20,the team ,la squadra,,vocab
20,tennis ,(il) tennis,,vocab
20,volleyball,(la) pallavolo,,vocab
20,the camera,la macchina fotografica,,vocab
20,the CD,il CD,,vocab
20,the cell phone,il (telefono) cellulare,,vocab
20,the computer,il computer,,vocab
20,DVD,il DVD,,vocab
20,the e-mail,la email,,vocab
20,the fax machine,il fax,,vocab
20,the stereo,lo stereo,,vocab
20,the iPod,l'iPod,,vocab
20,the internet,l'internet,,vocab
20,the telephone,il telefono,,vocab
20,video games,i videogiochi,,vocab
20,afternoon,il pomeriggio,,vocab
20,dawn ,l'alba,,vocab
20,during fall,durante l'autunno,,vocab
20,during spring,durante la primavera,,vocab
20,during summer,durante l'estate,,vocab
20,during winter,durante l'inverno,,vocab
20,evening ,la sera,,vocab
20,the fall/autumn ,l'autunno,,vocab
20,last fall,l'autunno scorso,,vocab
20,last spring,la primavera scorsa,,vocab
20,last summer,l'estate scorsa,,vocab
20,last winter,l'inverno scorso,,vocab
20,midnight,mezzanotte,,vocab
20,morning,la mattina,,vocab
20,next winter,l'inverno prossimo,,vocab
20,next spring,la primavera prossima,,vocab
20,next summer,l'estate prossima,,vocab
20,next fall/autumn,l'autunno prossimo,,vocab
20,night ,la notte,,vocab
20,noon,mezzogiorno,,vocab
20,spring ,la primavera,,vocab
20,this fall,questo autunno,,vocab
20,this spring,questa primavera,,vocab
20,this summer,quest'estate,,vocab
20,this winter,quest'inverno,,vocab
20,the summer,l'estate,,vocab
20,the winter ,l'inverno,,vocab
20,the axe,la scure,,vocab
20,the axle,l'asse,,vocab
20,the bar,la sbarra,,vocab
20,the blade,la lama,,vocab
20,the cord,il cordoncino,,vocab
20,the drill,il trapano,,vocab
20,the drill bit,la punta per il trapano,,vocab
20,the flashlight,la pila,,vocab
20,the hammer,il martello,,vocab
20,the handle,la maniglia,,vocab
20,the knife,il coltello,,vocab
20,the nut (as in nut and bolt) ,il dado (dadi e bulloni),,vocab
20,the pliers,le pinze,,vocab
20,the pulley,la carrucola,,vocab
20,the ramp,la rampa,,vocab
20,the rope,la corda,,vocab
20,the ruler,il righello,,vocab
20,the saw,la sega,,vocab
20,the screw-driver,il cacciavite,,vocab
20,the tape measure,il metro,,vocab
20,the tool,l'attrezzo,,vocab
20,the wheel,la ruota,,vocab
20,the wrench,la chiave inglese,,vocab
20,the ball,la palla,,vocab
20,baseball,la palla da baseball,,vocab
20,basketball,il pallone da pallacanestro,,vocab
20,basketball hoop,il cesto (da pallacanestro),,vocab
20,crayons,i pastelli,,vocab
20,football,il pallone da football,,vocab
20,hula hoop,l'hula hoop,,vocab
20,jump rope,la corda (saltare la corda),,vocab
20,phone,il telefono,,vocab
20,remote control car,la macchina telecomandata,,vocab
20,rubber ball,la palla di gomma,,vocab
20,sled,la slitta,,vocab
20,soccer ball,il pallone da calcio,,vocab
20,softball,la palla da softball,,vocab
20,the blocks,i cubi,,vocab
20,the doll,la bambola,,vocab
20,the skates,i pattini,,vocab
20,the toys,i giocattoli,,vocab
20,the truck,il camioncino,,vocab
20,trampoline,il trampolino,,vocab
20,yo yo,lo yo yo,,vocab
20,the airport,l'aereoporto,,vocab
20,the baggage,il bagaglio,,vocab
20,the boat,la barca,,vocab
20,the bus station,la stazione d'gli autobus,,vocab
20,the cable,la funivia,,vocab
20,the carry on,il bagaglio a mano,,vocab
20,the check-in,il check-in,,vocab
20,the check-out,il check-out,,vocab
20,the departure,la partenza,,vocab
20,the flight,il volo,,vocab
20,the gate,l'uscita / il gate,,vocab
20,the hotel,l'albergo / l'hotel,,vocab
20,the kiosk,il chiosco,,vocab
20,the landing,l'atterraggio,,vocab
20,the line,la fila,,vocab
20,the metal detector,il metal detector,,vocab
20,the platform,la piattaforma,,vocab
20,room,la stanza,,vocab
20,the runway,la pista,,vocab
20,the security guard,la guardia giurata,,vocab
20,the ship,la nave,,vocab
20,the subway ,la metropolitana,,vocab
20,the suitcase,la valigia,,vocab
20,the takeoff,il decollo,,vocab
20,the terminal,il terminal,,vocab
20,the ticket,il biglietto,,vocab
20,American restaurant,il ristorante americano,,vocab
20,barbecue restaurant,il ristorante dove si mangia il barbecue,,vocab
20,buffet,il buffet,,vocab
20,Chinese restaurant,il ristorante cinese,,vocab
20,fast food restaurant,il fast food,,vocab
20,French restaurant,il ristorante francese,,vocab
20,German restaurant,il ristorante tedesco,,vocab
20,Greek restaurant,il ristorante greco,,vocab
20,Indian restaurant ,il ristorante indiano,,vocab
20,Italian restaurant,il ristorante italiano,,vocab
20,Japanese restaurant,il ristorante giapponese,,vocab
20,Mexican restaurant,il ristorante messicano,,vocab
20,pizzeria,la pizzeria,,vocab
20,steak house,il ristorante dove si mangiano le bistecche,,vocab
20,Thai Restaurant,il ristorante tailandese,,vocab
20,the airplane,l'aeroplano,,vocab
20,the bicycle,la bicicletta,,vocab
20,the car,la macchina,,vocab
20,the helicopter,l'elicottero,,vocab
20,the motorcycle,la motocicletta,,vocab
20,the taxi,il taxi / il tassì,,vocab
20,the train,il treno,,vocab
20,the truck,il camion,,vocab
20,the cloud,la nuvola,,vocab
20,cloudy,nuvoloso,,vocab
20,cold,freddo,,vocab
20,the flood,l'inondazione,,vocab
20,the fog,la nebbia,,vocab
20,foggy,nebbioso,,vocab
20,hot,caldo,,vocab
20,the humidity,l'umidità,,vocab
20,the hurricane,l'uragano,,vocab
20,it's windy,c'è vento,,vocab
20,the rain,la pioggia,,vocab
20,the snow,la neve,,vocab
20,the sun,il sole,,vocab
20,it's sunny,c'è il sole,,vocab
20,the temperature,la temperatura,,vocab
20,the thermometer,il termometro,,vocab
20,the tornado,il tornado,,vocab
20,windy,ventoso,,vocab
100,Hi!,Ciao!,,phrases
100,Good morning!,Buongiorno!,,phrases
100,Good evening!,Buona sera!,,phrases
100,Welcome! (to greet someone male),Benvenuto!,,phrases
100,Welcome! (to greet someone female),Benvenuta! ,,phrases
100,How are you? (polite),Come state?,,phrases
100,How are you? (informal),Come stai?,,phrases
100,"I'm fine, thanks!","Bene, grazie!",,phrases
100,And you?,e tu? e lei? (polite),,phrases
100,Good,Bene,,phrases
100,So-So.,così e così.,,phrases
100,Thank you very much!,Grazie molto!,,phrases
100,Thank you!,Grazie!,,phrases
100,"You're welcome! (for ""thank you"")",Prego!,,phrases
100,Hey! Friend!,Ciao! Amico!,,phrases
100,I missed you so much!,Mi sei mancato molto!,,phrases
100,What's new? ,che c'è di nuovo?,,phrases
100,Nothing much,Non molto,,phrases
100,Good night!,Buona notte!,,phrases
100,See you later!,A dopo,,phrases
100,Good bye!,Arrivederci!,,phrases
100,I'm lost,Mi sono perso/ persa (feminine),,phrases
100,Can I help you?,Posso aiutarti?/ posso aiutarla (polite)?,,phrases
100,Can you help me?,Potresti aiutarmi?/ potrebbe aiutarmi? (polite),,phrases
100,Where is the (bathroom/ pharmacy)?,Dove posso trovare (il bagno/ la farmacia?),,phrases
100,Go straight! then turn left/ right!,Vada dritto! e poi giri a destra/ sinistra!,,phrases
100,I'm looking for john.,Sto cercando John.,,phrases
100,One moment please!,Un momento prego!,,phrases
100,Hold on please! (phone),Attenda prego!,,phrases
100,How much is this?,Quanto costa questo?,,phrases
100,Excuse me ...! (to ask for something),Scusami!/ Mi scusi! (polite),,phrases
100,Excuse me! ( to pass by),Permesso,,phrases
100,Come with me!,Vieni con me!/ Venga con me! (polite),,phrases
5,Do you speak (English/ Italian)?,Parli (inglese/italiano)?/ Parla (inglese/italiano)? (polite),,phrases
5,Just a little.,Solo un po'.,,phrases
5,What's your name?,Quale è il suo nome?,,phrases
5,My name is ...,Mi chiamo ...,,phrases
5,Mr.../ Mrs.…/ Miss…,Signor …/ Signora …(usually for both Mrs. & Ms),,phrases
5,Nice to meet you!,è un piacere conoscerti!/ è un piacere conoscerla (polite),,phrases
5,You're very kind!,Sei molto gentile!/ lei è molto gentile (polite),,phrases
5,Where are you from?,Di dove sei?/ Di dove è? (polite),,phrases
5,I'm from (the U.S/ Italy),"Sono (statunitense, italiano).",,phrases
5,I'm (American),Sono americano.,,phrases
5,Where do you live?,Dove vivi?/ Dove vive? (polite),,phrases
5,I live in (the U.S/ Italy),Vivo (negli stati uniti / in Italia),,phrases
5,Did you like it here?,ti piace qui?,,phrases
5,Italy is a wonderful country,L'italia è un paese meraviglioso.,,phrases
5,What do you do for a living?,cosa fai per vivere?,,phrases
5,I work as a (translator/ businessman),Lavoro come (traduttore/ uomo d'affari),,phrases
5,I like Italian,Mi piace l'italiano.,,phrases
5,I've been learning Italian for 1 month,imparo l'italiano da un mese.,,phrases
5,Oh! That's good!,Grande!,,phrases
5,How old are you?,Quanti anni hai?,,phrases
5,"I'm (twenty, thirty...) years old.","Ho (venti, trenta …) anni.",,phrases
5,I have to go,Devo andare,,phrases
5,I will be right back!,Torno subito!,,phrases
5,Good luck!,Buona fortuna!,,phrases
5,Happy birthday!,Buon compleanno!,,phrases
5,Happy new year!,Felice anno nuovo!,,phrases
5,Merry Christmas!,Buon natale!,,phrases
5,Congratulations!,Congratulazioni!,,phrases
5,Enjoy! (for meals...),Buon appetite!,,phrases
5,I'd like to visit Italy one day,Mi piacerebbe visitare l'Italia un giorno di questi!,,phrases
5,Say hi to John for me,Saluta John da parte mia!,,phrases
5,Bless you (when sneezing),Salute!,,phrases
5,Good night and sweet dreams!,Buona notte e sogni d'oro!,,phrases
5,I'm Sorry! (if you don't hear something),Sono spiacente!,,phrases
5,Sorry (for a mistake),Scusami!/ Mi scusi! (polite),,phrases
5,No Problem!,Non c'è problema!,,phrases
5,Can You Say It Again?,Potresti ripetere per favore?/ Potrebbe ripetere per favore? (polite),,phrases
5,Can You Speak Slowly?,Puoi parlare lentamente? Potrebbe parlare lentamente? (polite),,phrases
5,Write It Down Please!,Scrivilo per favore!/ Lo scriva per favore (polite),,phrases
5,I Don't Understand!,Non capisco!,,phrases
5,I Don't Know!,Non lo so!,,phrases
5,I Have No Idea.,Non ne ho idea!,,phrases
5,What's That Called In Italian?,Come si chiama quella cosa in italiano?,,phrases
5,"What Does ""gato"" Mean In English?","Cosa significa ""scusami"" in inglese?",,phrases
5,"How Do You Say ""Please"" In Italian?",Come dite “please” in italiano?,,phrases
5,What Is This?,Cos'è questa cosa?,,phrases
5,My Italian is bad.,il mio italiano è orribile.,,phrases
5,I need to practice my Italian,ho bisogno di fare pratica con il mio italiano,,phrases
5,Don't worry!,non ti preoccupare !,,phrases
5,I'm Sorry! (if you don't hear something),Sono spiacente!,,phrases
5,Sorry (for a mistake),Scusami!/ Mi scusi! (polite),,phrases
5,No Problem!,Non c'è problema!,,phrases
5,Can You Say It Again?,Potresti ripetere per favore?/ Potrebbe ripetere per favore? (polite),,phrases
5,Can You Speak Slowly?,Puoi parlare lentamente? Potrebbe parlare lentamente? (polite),,phrases
5,Write It Down Please!,Scrivilo per favore!/ Lo scriva per favore (polite),,phrases
5,I Don't Understand!,Non capisco!,,phrases
5,I Don't Know!,Non lo so!,,phrases
5,I Have No Idea.,Non ne ho idea!,,phrases
5,What's That Called In Italian?,Come si chiama quella cosa in italiano?,,phrases
5,"What Does ""gato"" Mean In English?","Cosa significa ""scusami"" in inglese?",,phrases
5,"How Do You Say ""Please"" In Italian?",Come dite “please” in italiano?,,phrases
5,What Is This?,Cos'è questa cosa?,,phrases
5,My Italian is bad.,il mio italiano è orribile.,,phrases
5,I need to practice my Italian,ho bisogno di fare pratica con il mio italiano,,phrases
5,Don't worry!,non ti preoccupare !,,phrases
30,To speak,parlare,,verbs
30,To sing,cantare,,verbs
30,To work,lavorare,,verbs
30,To love ,amare,,verbs
30,To write,scrivere,,verbs
30,To see,vedere,,verbs
30,To sell,vendere,,verbs
30,To live,vivere,,verbs
30,To sleep,dormire,,verbs
30,To leave,partire,,verbs
30,To open,aprire,,verbs
30,To serve,servire,,verbs
30,To finish,finire,,verbs
30,To hit,colpire,,verbs
30,To build,costruire,,verbs
30,To disappear,sparire,,verbs
5,I read a book sometimes,Ogni tanto leggo un libro,,none
5,I will never smoke,non fumerò mai,,none
5,are you alone?,Sei solo?,,none
5,adverbs of time,avverbi di tempo,,none
5,yesterday,ieri,,none
5,today,oggi,,none
5,tomorrow,domani,,none
5,now,ora,,none
5,then,poi (or)allora (consequence),,none
5,later,più tardi,,none
5,tonight,stasera,,none
5,right now,adesso,,none
5,last night,la notte scorsa,,none
5,this morning,stamattina,,none
5,next week,la prossima settimana,,none
5,already,già,,none
5,recently,recentemente,,none
5,lately,ultimamente,,none
5,soon,presto,,none
5,immediately,immediatamente,,none
5,still,ancora,,none
5,yet,ancora,,none
5,ago,fa,,none
5,adverbs of place,avverbi di luogo,,none
5,here,qui,,none
5,there,là,,none
5,over there,laggiù,,none
5,everywhere,ovunque,,none
5,anywhere,"ovunque, in qualsiasi luogo",,none
5,nowhere,da nessuna parte,,none
5,home,casa,,none
5,away,via,,none
5,out,fuori,,none
5,adverbs of manner,avverbi di modo,,none
5,very,molto,,none
5,quite,abbastanza,,none
5,pretty,piuttosto,,none
5,really,veramente,,none
5,fast,veloce,,none
5,well,bene,,none
5,hard,"con fatica, tenacemente",,none
5,quickly,rapidamente,,none
5,slowly,lentamente,,none
5,carefully,attentamente (or)con cura,,none
5,hardly,appena (or)a fatica,,none
5,barely,a mala pena,,none
5,mostly,per la maggiparte,,none
5,almost,quasi,,none
5,absolutely,assolutamente,,none
5,together,insieme,,none
5,alone,da solo,,none
5,adverbs of frequency,avverbi di frequenza,,none
5,always,sempre,,none
5,frequently,frequentemente,,none
5,usually,solitamente,,none
5,sometimes,a volte,,none
5,occasionally,occasionalmente,,none
5,seldom,raramente,,none
5,rarely,raramente,,none
5,never,mai,,none
5,adjectives,aggettivi,,none
5,a green tree,un albero verde,,none
5,a tall building,un edificio alto,,none
5,a very old man,un uomo molto vecchio,,none
5,the old red house,la vecchia casa rossa,,none
5,a very nice friend,un amico molto caro,,none
5,colors,colori,,none
5,black,nero,,none
5,blue,blu,,none
5,brown,marrone,,none
5,gray,grigio,,none
5,green,verde,,none
5,orange,arancione,,none
5,purple,viola,,none
5,red,rosso,,none
5,white,bianco,,none
5,yellow,giallo,,none
5,sizes,dimensioni (or) misure,,none
5,big,grande,,none
5,deep,profondo,,none
5,long,lungo,,none
5,narrow,stretto,,none
5,short,breve (or)corto (or)basso,,none
5,small,piccolo,,none
5,tall,alto,,none
5,thick,spesso,,none
5,thin,sottile,,none
5,wide,ampio,,none
5,shapes,forme,,none
5,circular,circolare,,none
5,straight,dritto,,none
5,square,quadrato,,none
5,triangular,triangolare,,none
5,tastes,i gusti,,none
5,bitter,amaro,,none
5,fresh,fresco,,none
5,salty,salato,,none
5,sour,acido,,none
5,spicy,piccante,,none
5,sweet,dolce,,none
5,qualities,qualità,,none
5,bad,cattivo,,none
5,clean,pulito,,none
5,dark,buio,,none
5,difficult,difficile,,none
5,dirty,sporco,,none
5,dry,secco,,none
5,easy,facile,,none
5,empty,vuoto,,none
5,expensive,costoso,,none
5,fast,veloce,,none
5,foreign,straniero,,none
5,full,pieno,,none
5,good,buono,,none
5,hard,duro (or)difficile (difficult),,none
5,heavy,pesante,,none
5,inexpensive,economico,,none
5,light,luce,,none
5,local,locale,,none
5,new,nuovo,,none
5,noisy,rumoroso,,none
5,old,vecchio,,none
5,powerful,potente,,none
5,quiet,tranquillo,,none
5,correct,corretto,,none
5,slow,lento,,none
5,soft,morbido,,none
5,very,molto,,none
5,weak,debole,,none
5,wet,bagnato,,none
5,wrong,sbagliato,,none
5,young,giovane / giovani,,none
5,quantities,quantità,,none
5,few,pochi,,none
5,little,poco,,none
5,many,molti,,none
5,much,molto,,none
5,part,parte,,none
5,some,alcuni,,none
5,a few,qualche,,none
5,whole,"tutto (or)completo, totale",,none
3,arm,braccio,,none
3,back,schiena,,none
3,cheeks,guance,,none
3,chest,petto,,none
3,chin,mento,,none
3,ear,orecchio,,none
3,elbow,gomito,,none
3,eye,occhio,,none
3,face,faccia,,none
3,finger,dito,,none
3,fingers,dita,,none
3,foot,piede,,none
3,hair,capelli,,none
3,hand,mano,,none
3,head,testa,,none
3,heart,cuore,,none
3,knee,ginocchio,,none
3,leg,gamba,,none
3,lip,labbro,,none
3,mouth,bocca,,none
3,neck,collo,,none
3,nose,naso,,none
3,shoulder,spalla,,none
3,stomach,stomaco,,none
3,teeth,denti,,none
3,thigh,coscia,,none
3,throat,gola,,none
3,thumb,pollice,,none
3,toe,dita dei piedi,,none
3,tongue,lingua,,none
3,tooth,dente,,none
3,my car,la mia auto,,none
3,green car,auto verde,,none
3,three cars,tre auto,,none
3,car garage,garage,,none
3,outside the car,al di fuori della vettura (or)fuori dalla vettura,,none
3,the,il,,none
3,a,un,,none
3,one,uno,,none
3,some,alcuni,,none
3,few,pochi,,none
3,the book,il libro,,none
3,the books,i libri,,none
3,a book,un libro,,none
3,one book,un libro,,none
3,some books,alcuni libri,,none
3,few books,pochi libri,,none
3,I,Io,,none
3,you,tu (friendly) voi (polite),,none
3,he,egli,,none
3,she,lei,,none
3,we,noi,,none
3,they,essi,,none
3,me,me,,none
3,you,tu,,none
3,him,lui,,none
3,her,lei,,none
3,us,noi,,none
3,them,loro,,none
3,my,il mio,,none
3,your,il tuo/la tua (of you singular) (or) il vostro/la vostra (of you plural),,none
3,his,il suo/la sua (of him),,none
3,her,il suo/la sua (of her),,none
3,our,il nostro/la nostra,,none
3,their,il/la loro,,none
3,mine,mio/mia or i miei/le mie (singular or plural),,none
3,yours,il vostro/la vostra (or) i vostri/le vostre,,none
3,his,il suo/la sua or i suoi/le sue,,none
3,hers,il suo/la sua or i suoi/le sue,,none
3,ours,il nostro/la nostra or i nostri/le nostre,,none
3,theirs,il loro/la loro or i loro/le loro,,none
3,I speak,Parlo,,none
3,you speak,tu parli,,none
3,he speaks,(lui) parla,,none
3,she speaks,(lei) parla,,none
3,we speak,parliamo,,none
3,they speak,parlano,,none
3,give me,dammi,,none
3,give him,dargli,,none
3,give her,darle (or) io le do,,none
3,give us,Dacci,,none
3,give them,dargli,,none
3,my book,il mio libro,,none
3,your book,il tuo libro,,none
3,his book,il suo libro,,none
3,her book,il suo libro,,none
3,our book,il nostro libro,,none
3,their book,il loro libro,,none
3,my book,il mio libro,,none
3,my books,i miei libri,,none
3,our daughter,nostra figlia,,none
3,our daughters,le nostre figlie,,none
3,I'm cold,Ho freddo,,none
3,we're cold,abbiamo freddo,,none
3,his chickens,i suoi polli,,none
3,their chicken,i loro polli,,none
10,alligator,alligatore,,vocab
10,alligators,alligatori,,vocab
10,bear,orso,,vocab
10,bears,orsi,,vocab
10,bird,uccello,,vocab
10,birds,uccelli,,vocab
10,bull,toro,,vocab
10,bulls,tori,,vocab
10,cat,gatto,,vocab
10,cats,gatti,,vocab
10,cow,mucca,,vocab
10,cows,mucche,,vocab
10,deer,cervo,,vocab
10,many deer,molti cervi,,vocab
10,dog,cane,,vocab
10,dogs,cani,,vocab
10,donkey,asino,,vocab
10,donkeys,asini,,vocab
10,eagle,aquila,,vocab
10,eagles,aquile,,vocab
10,elephant,elefante,,vocab
10,elephants,elefanti,,vocab
10,giraffe,giraffa,,vocab
10,giraffes,giraffe,,vocab
10,goat,capra,,vocab
10,goats,capre,,vocab
10,horse,cavallo,,vocab
10,horses,cavalli,,vocab
10,lion,leone,,vocab
10,lions,leoni,,vocab
10,monkey,scimmia,,vocab
10,monkeys,scimmie,,vocab
10,mouse,topo,,vocab
10,mice,topi,,vocab
10,rabbit,coniglio,,vocab
10,rabbits,conigli,,vocab
10,snake,serpente,,vocab
10,snakes,serpenti,,vocab
10,tiger,tigre,,vocab
10,tigers,tigri,,vocab
10,wolf,lupo,,vocab
10,wolves,lupi,,vocab
10,he is happy,lui è felice,,vocab
10,she is happy,lei è felice,,vocab
10,he is American,lui è americano,,vocab
10,she is American,(lei) è americana,,vocab
10,man,uomo,,vocab
10,woman,donna,,vocab
10,father,padre,,vocab
10,mother,madre,,vocab
10,brother,fratello,,vocab
10,sister,sorella,,vocab
10,uncle,zio,,vocab
10,aunt,zia,,vocab
10,bull,toro,,vocab
10,cow,mucca,,vocab
10,boy,ragazzo,,vocab
10,girl,ragazza,,vocab
10,I spoke,Ho parlato,,verbs
10,I wrote,Ho scritto (or)(io) scrissi,,verbs
10,I drove,Ho guidato (or)(io) guidai,,verbs
10,I loved,Ho amato (or)(io) amai,,verbs
10,I gave,Ho dato (or)(io) diedi,,verbs
10,I smiled,ho sorriso,,verbs
10,I took,ho preso,,verbs
10,he spoke,ha parlato,,verbs
10,he wrote,ha scritto,,verbs
10,he drove,ha guidato,,verbs
10,he loved,ha amato,,verbs
10,he gave,ha dato,,verbs
10,he smiled,ha sorriso,,verbs
10,he took,ha preso,,verbs
10,we spoke,abbiamo parlato,,verbs
10,we wrote,abbiamo scritto,,verbs
10,we drove,abbiamo guidato,,verbs
10,we loved,abbiamo amato,,verbs
10,we gave,abbiamo dato,,verbs
10,we smiled,abbiamo sorriso,,verbs
10,we took,abbiamo preso,,verbs
10,Future,Futuro,,verbs
10,I will speak,Parlerò,,verbs
10,I will write,Scriverò,,verbs
10,I will drive,guiderò,,verbs
10,I will love,Amerò,,verbs
10,I will give,Darò,,verbs
10,I will smile,sorriderò,,verbs
10,I will take,Io prenderò,,verbs
10,he will speak,Parlerà,,verbs
10,he will write,scriverà,,verbs
10,he will drive,guiderà,,verbs
10,he will love,amerà,,verbs
10,he will give,egli darà,,verbs
10,he will smile,sorriderà,,verbs
10,he will take,Prenderà,,verbs
10,we will speak,parleremo,,verbs
10,we will write,scriveremo,,verbs
10,we will drive,guideremo,,verbs
10,we will love,ameremo,,verbs
10,we will give,daremo,,verbs
10,we will smile,sorrideremo,,verbs
10,we will take,prenderemo,,verbs
10,Present,Presente,,verbs
10,I speak,Parlo,,verbs
10,I write,Scrivo,,verbs
10,I drive,guido,,verbs
10,I love,Amo,,verbs
10,I give,do,,verbs
10,I smile,Sorrido,,verbs
10,I take,Prendo,,verbs
10,he speaks,parla,,verbs
10,he writes,scrive,,verbs
10,he drives,lui guida,,verbs
10,he loves,ama,,verbs
10,he gives,egli dà,,verbs
10,he smiles,sorride,,verbs
10,he takes,prende,,verbs
10,we speak,parliamo,,verbs
10,we write,scriviamo,,verbs
10,we drive,guidiamo,,verbs
10,we love,amiamo,,verbs
10,we give,diamo,,verbs
10,we smile,sorridiamo,,verbs
10,we take,prendiamo,,verbs
5,I can accept that,Posso accettare che,,phrases
5,she added it,lei lo ha aggiunto,,phrases
5,we admit it,lo ammettiamo,,phrases
5,they advised him,lo hanno consigliato,,phrases
5,I can agree with that,posso essere d'accordo con questo/ciò,,phrases
5,she allows it,lei lo permette,,phrases
5,we announce it,(noi) lo annunciamo,,phrases
5,I can apologize,posso chiedere scusa,,phrases
5,she appears today,lei è venuta oggo,,phrases
5,they arranged that,hanno stabilito che,,phrases
5,I can arrive tomorrow,Posso arrivare domani,,phrases
5,she can ask him,(lei) può chiederlo a lui/può chiederglielo,,phrases
5,she attaches that,lei lo include,,phrases
5,we attack them,noi li attacchiamo,,phrases
5,they avoid her,(loro) la evitano,,phrases
5,I can bake it,posso cuocerlo/a al forno,,phrases
5,she is like him,lei è come lui,,phrases
5,we beat it,lo abbiamo battuto,,phrases
5,they became happy,sono diventati felici,,phrases
5,I can begin that,posso iniziarlo,,phrases
5,we borrowed money,abbiamo preso in prestito DEL denaro,,phrases
5,they breathe air,respirano aria,,phrases
5,I can bring it,posso portarlo,,phrases
5,I can build that,posso/riesco a costruirlo,,phrases
5,she buys food,compra del cibo,,phrases
5,we calculate it,(noi) lo calcoliamo,,phrases
5,they carry it,lo trasportano,,phrases
5,they don't cheat,(loro) non imbrogliano,,phrases
5,she chooses him,lei lo sceglie,,phrases
5,we close it,lo chiudiamo,,phrases
5,he comes here,viene qui,,phrases
5,I can compare that,posso confrontarlo/ compararlo (in this cas TALE is not appropriated),,phrases
5,she competes with me,lei è in competizione con me (or)compete con me,,phrases
5,we complain about it,ci lamentiamo di ciò,,phrases
5,they continued reading,hanno continuato a leggere,,phrases
5,he cried about that,ha pianto per …,,phrases
5,I can decide now,Posso decidere ora,,phrases
5,she described it to me,lei me lo ha descritto,,phrases
5,we disagree about it,non siamo d'accordo su …,,phrases
5,they disappeared quickly,scomparvero in fretta,,phrases
5,I discovered that,Ho scoperto che,,phrases
5,she dislikes that,non le piace ciò,,phrases
5,we do it,lo facciamo,,phrases
5,they dream about it,(loro) sognano quella cosa or lo sognano,,phrases
5,I earned,Ho guadagnato,,phrases
5,he eats a lot,mangia un sacco,,phrases
5,we enjoyed that,questo ci è piaciuto,,phrases
5,they entered here,sono entrati qui,,phrases
5,he escaped that,è scappato da quel/quella.. (or) l'ha scampato,,phrases
5,I can explain that,posso spiegare ciò (or) posso spiegare che...,,phrases
5,she feels that too,anche lei lo sente (or) anche lei sente questo,,phrases
5,we fled from there,siamo fuggiti da lì,,phrases
5,they will fly tomorrow,voleranno domani (or)andranno in aereo domani,,phrases
5,I can follow you,posso seguirti,,phrases
5,she forgot me,lei mi ha dimenticato,,phrases
5,we forgive him,noi lo perdoniamo,,phrases
5,I can give her that,posso darle questo/ciò,,phrases
5,she goes there,lei ci va,,phrases
5,we greeted them,li abbiamo salutati,,phrases
5,I hate that,odio che... + object (or) odio ciò.,,phrases
5,I can hear it,posso sentirlo or posso sentire ciò,,phrases
5,she imagine that,(lei) immagina che,,phrases
5,we invited them,li abbiamo invitati,,phrases
5,I know him,Io lo conosco,,phrases
5,she learned it,(lei) ha imparato ciò,,phrases
5,we leave now,partiamo ora,,phrases
5,they lied about him,hanno mentito su di lui,,phrases
5,I can listen to that,posso ascoltare ciò/questo,,phrases
5,she lost that,lei ha perso ciò or lo ha perso,,phrases
5,we made it yesterday,l'abbiamo fatta ieri,,phrases
5,they met him,lo hanno inctrontrato,,phrases
5,I misspell that,ho sbagliato l'ortografia,,phrases
5,I always pray,Prego sempre,,phrases
5,she prefers that,lei preferisce che,,phrases
5,we protected them,li abbiamo protetti,,phrases
5,they will punish her,(loro) la puniranno,,phrases
5,I can put it there,posso metterlo lì,,phrases
5,she will read it,lei lo leggerà,,phrases
5,we received that,l'abbiamo ricevuto,,phrases
5,they refuse to talk,si rifiutano di parlare,,phrases
5,I remember that,Ricordo che,,phrases
5,she repeats that,ripete che,,phrases
5,we see it,lo vediamo,,phrases
5,they sell it,lo vendono,,phrases
5,I sent that yesterday,l'ho mandato ieri,,phrases
5,he shaved his beard,lei ha rasato la sua barba/la barba di lui,,phrases
5,it shrunk quickly,è indietreggiata rapidamente,,phrases
5,we will sing it,lo canteremo,,phrases
5,they sat there,si sedettero lì,,phrases
5,I can speak it,Posso parlare,,phrases
5,she spends money,lei spende denaro,,phrases
5,we suffered from that,abbiamo sofferto di quella cosa,,phrases
5,they suggest that,suggeriscono che,,phrases
5,I surprised him,l'ho sorpreso,,phrases
5,she took that,lei l'ha preso,,phrases
5,we teach it,noi lo insegnamo,,phrases
5,they told us,ci hanno detto,,phrases
5,she thanked him,Lei lo ringraziò,,phrases
5,I can think about it,posso pensarci,,phrases
5,she threw it,lei lo gettò,,phrases
5,we understand that,capiamo che,,phrases
5,they want that,"vogliono ciò, according to context",,phrases
5,I can wear it,posso indossarlo,,phrases
5,she writes that,lei scrive che,,phrases
5,we talk about it,ne parliamo,,phrases
5,they have it,lo hanno (or)ce l'hanno,,phrases
5,I watched it,l'ho guardato,,phrases
5,I will talk about it,ne parlerò,,phrases
5,he bought that yesterday,l'abbiamo finito,,phrases
5,we finished it,lo abbiamo finito ,,phrases
5,inside the house,all'interno della casa (or)dentro la casa,,none
5,outside the car,al di fuori della vettura (or)fuori dalla vettura,,none
5,with me,con me,,none
5,without him,senza di lui,,none
5,under the table,sotto il tavolo,,none
5,after tomorrow,dopo domani,,none
5,before sunset,prima del tramonto,,none
5,but I'm busy,ma ho da fare,,none
5,about,riguardo (a),,none
5,above,sopra,,none
5,across,attraverso,,none
5,after,dopo,,none
5,against,contro,,none
5,among,tra,,none
5,around,intorno a,,none
5,as,come,,none
5,at,a,,none
5,before,prima,,none
5,behind,dietro,,none
5,below,sotto,,none
5,beneath,al di sotto,,none
5,beside,accanto a,,none
5,between,tra,,none
5,beyond,al di là di,,none
5,but,ma,,none
5,by,da,,none
5,despite,nonostante,,none
5,down,giù,,none
5,during,durante,,none
5,except,ad eccezione di (or)eccetto,,none
5,for,per,,none
5,from,da,,none
5,in,in,,none
5,inside,dentro,,none
5,into,in,,none
5,near,vicino,,none
5,next,prossimo,,none
5,of,di,,none
5,on,su,,none
5,opposite,opposto,,none
5,out,fuori,,none
5,outside,al di fuori (or)fuori,,none
5,over,sopra,,none
5,per,per (or) ogni,,none
5,plus,più,,none
5,round,intorno a,,none
5,since,poiché,,none
5,than,poi,,none
5,through,attraverso,,none
5,till,fino,,none
5,to,a,,none
5,toward,verso,,none
5,under,sotto,,none
5,unlike,a differenza di,,none
5,until,fino a quando,,none
5,up,su,,none
5,via,tramite,,none
5,with,con,,none
5,within,all'interno,,none
5,without,senza,,none
5,two words,due parole,,none
5,according to,secondo (or)a seconda di,,none
5,because of,a causa di,,none
5,close to,nei pressi di,,none
5,due to,a causa di,,none
5,except for,fatta eccezione per,,none
5,far from,lontano da,,none
5,inside of,"entro, prima della fine di",,none
5,instead of,invece di,,none
5,near to,vicino a,,none
5,next to,accanto a,,none
5,outside of,al di fuori di,,none
5,prior to,prima di,,none
5,three words,tre parole,,none
5,as far as,fino a,,none
5,as well as,"come pure, in aggiunta",,none
5,in addition to,oltre,,none
5,in front of,di fronte a,,none
5,in spite of,nonostante,,none
5,on behalf of,a nome di,,none
5,on top of,sopra,,none
5,demonstrative pronouns,preposizioni dimostrative,,none
5,this,questa,,none
5,that,quello/quella,,none
5,these,questi/queste,,none
5,those,quelli/quelle,,none
5,he is not here,Non è qui,,verbs
5,that is not my book,questo non è il mio libro,,verbs
5,do not enter,non entrare,,verbs
5,I don't speak,Non parlo,,verbs
5,I don't write,Io non scrivo,,verbs
5,I don't drive,Io non guido,,verbs
5,I don't love,Non amo,,verbs
5,I don't give,non do,,verbs
5,I don't smile,non sorridere,,verbs
5,I don't take,Non prendo,,verbs
5,he doesn't speak,non parla,,verbs
5,he doesn't write,egli non scrive,,verbs
5,he doesn't drive,non guida,,verbs
5,he doesn't love,egli non ama,,verbs
5,he doesn't give,non dà,,verbs
5,he doesn't smile,egli non sorride,,verbs
5,he doesn't take,egli non prende,,verbs
5,we don't speak,non parliamo,,verbs
5,we don't write,non scriviamo,,verbs
5,we don't drive,Non guidiamo,,verbs
5,we don't love,non amiamo,,verbs
5,we don't give,non diamo,,verbs
5,we don't smile,non sorridiamo,,verbs
5,we don't take,noi non prendiamo,,verbs
50,how?,quanto,,none
50,what?,che cosa?,,none
50,who?,chi?,,none
50,why?,perché?,,none
50,where?,dove?,,none
5,where is he?,dove si trova?,,none
5,what is this?,che cosa è questo?,,none
5,why are you sad?,perché sei triste?,,none
5,how do you want to pay?,Come vuoi pagare?,,none
5,can I come?,posso venire?,,none
5,is he sleeping?,(lui) sta dormendo?,,none
5,do you know me?,mi conosci?,,none
5,do you have my book?,Avete il mio libro?,,none
5,how big is it?,quanto è grande?,,none
5,can I help you?,posso aiutarti?,,none
5,can you help me?,puoi aiutarmi?,,none
5,do you speak English?,parlate inglese?,,none
5,how far is this?,quanto è lontano/distante?,,none
5,what time is it?,Che ora è?,,none
5,how much is this?,quanto costa?,,none
5,what is your name?,Come ti chiami?,,none
5,where do you live?,dove vivi?,,none
